,coef,se,z,p,ci_low_95,ci_high_95,significant,stars
intercept,-0.09321407125802497,0.08693324919958739,-1.0722487899194661,0.28360830137038495,-0.26360010874826173,0.07717196623221179,False,
Evidence.statistical,0.048713011148943795,0.09401317293544845,0.5181509104302994,0.6043529819003708,-0.1355494218768709,0.23297544417475852,False,
Evidence.attribution,0.2656966554901318,0.3226236088238879,0.8235499455812264,0.4101953269239651,-0.36663399836702726,0.8980273093472908,False,
Evidence.named_entities,0.009755736235463362,0.10298531186572443,0.09472939450028763,0.9245297695244339,-0.192091765957982,0.2116032384289087,False,
Specificity.psychological_nearness,-0.19073537827806758,0.12066106862173752,-1.5807532657945143,0.11393446400673879,-0.42722672711278914,0.04575597055665398,False,
Specificity.lexical_concreteness,0.05107669578436392,0.10389602268582626,0.4916135811937286,0.6229925406254966,-0.152555766816812,0.2547091583855398,False,
Specificity.interactional_immediacy,0.3689736053776655,0.5639416455722466,0.6542762150563614,0.5129338667441576,-0.7363317093261899,1.474278920081521,False,
Authority/Credibility.titles,0.19930225717671674,0.4281255758953602,0.4655228942113679,0.6415570457523503,-0.6398084524386587,1.0384129667920923,False,
Authority/Credibility.organizations,0.008271718590244281,0.09004859153130729,0.09185838944930576,0.9268105520389578,-0.1682202776696765,0.18476371485016507,False,
Authority/Credibility.phrases,-0.3155886217042355,0.3176589260503997,-0.993482618694506,0.320474816754158,-0.9381886761306912,0.3070114327222202,False,
Authority/Credibility.consensus,0.052632726074907654,0.09239539273023054,0.5696466514145454,0.5689173804166305,-0.12845891601377812,0.23372436816359343,False,
Authority/Credibility.speech_power,0.3642860488885739,0.15410767334517472,2.3638410792993785,0.018086569260977292,0.06224055939076817,0.6663315383863797,True,*
Logic/Cohesion.structural_reasoning,0.12939191845018577,0.10932649580806357,1.1835366851723628,0.23659651640508716,-0.08488407588958802,0.34366791278995956,False,
Logic/Cohesion.discourse_cohesion,-0.01809759629600283,0.11184067555925398,-0.161815870706312,0.8714508547409112,-0.23730129239876968,0.20110609980676403,False,
Argumentation.conclusion_explicitness,0.2101459374191232,0.18794282186524766,1.1181376087339738,0.2635082261520576,-0.15821522458958917,0.5785070994278356,False,
Argumentation.premise_density,0.17168849001357514,0.10845445825335975,1.583046863896501,0.11341078330218912,-0.04087834212581279,0.3842553221529631,False,
Argumentation.quantity_intensity,-0.1978234704752798,0.12924900525523653,-1.53056087421814,0.1258779577705056,-0.45114686581317154,0.05549992486261199,False,
Argumentation.style_sophistication,0.012492216818308265,0.11624916414536023,0.10746070227814931,0.9144234997837695,-0.21535195813948277,0.24033639177609928,False,
Opponent’s View.acknowledge,0.0,4.291738815213426e-16,0.0,1.0,-8.411653508870917e-16,8.411653508870917e-16,False,
Opponent’s View.refutation_strength,0.0,1.7771043676313584e-15,0.0,1.0,-3.4830605573262902e-15,3.4830605573262902e-15,False,
Sentiment.vader_compound,0.12463019121226002,0.10207307415709523,1.2209898863283801,0.22208984909292617,-0.07542935792693276,0.3246897403514528,False,
Sentiment.language_intensity,0.07480777330360376,0.17086129832163954,0.43782748953938727,0.6615113420127494,-0.2600742177585637,0.40968976436577126,False,
Sentiment.fear_threat,0.253311038714109,0.10528194408409204,2.4060254673088237,0.016127140419640806,0.04696222008692877,0.4596598573412892,True,*
Sentiment.joy_gain,0.019460792900922952,0.10384833453169802,0.1873962927636828,0.8513499290639917,-0.1840782026356724,0.2229997884375183,False,
Sentiment.anger,-0.0804320809641031,0.10222807373967327,-0.7867905363151585,0.4314044943516575,-0.2807954237027676,0.11993126177456138,False,
Sentiment.sadness,-0.04722217019033885,0.0925368014046857,-0.5103069208522233,0.6098364548625246,-0.2285909681880583,0.13414662780738063,False,
Sentiment.valence,0.1468268984334807,0.13965958239407888,1.0513199016962382,0.2931116895901016,-0.1269008531548181,0.4205546500217795,False,
Sentiment.arousal,0.05029443722347557,0.10221959950760567,0.4920234227657427,0.6227027853764291,-0.1500522963255398,0.25064117077249093,False,
Sentiment.dominance,0.3025241074864192,0.13193524491869932,2.292974160716794,0.021849492620739763,0.043935779154297416,0.5611124358185411,True,*
Politeness.professional_courtesy,-0.02874200322710139,0.0906316512737171,-0.31712986382977315,0.751145065462048,-0.20637677558298062,0.14889276912877786,False,
Politeness.rapport_building,-0.09803766541953818,0.09627707605065772,-1.0182866933760442,0.30854173025289455,-0.28673726701565105,0.09066193617657473,False,
Politeness.non_imposition,0.15933362019429348,0.1465847019532139,1.086973047468137,0.2770487213336652,-0.1279671163185439,0.44663435670713086,False,
Politeness.domineering,0.035140534752278296,0.10415041523849687,0.33740177292437123,0.7358140483303992,-0.1689905280900672,0.2392715975946238,False,
Reciprocity.direct_promise,0.0,,,,,,False,
Reciprocity.mutual_benefit,-0.012538444452218066,0.09377727015087416,-0.13370451530573998,0.8936362345291378,-0.19633851651641446,0.1712616276119783,False,
Reciprocity.concession_framing,-0.06983091850503516,0.08612029555622197,-0.8108532147273855,0.4174499704633827,-0.23862359613317508,0.09896175912310477,False,
Impact.gain_framing,0.021834238045146687,0.09814752930774329,0.22246345067622694,0.8239531225322316,-0.17053138456961955,0.21419986065991295,False,
Impact.loss_framing,0.18523542893202843,0.12956194418261358,1.4297055366114666,0.15280155054081868,-0.06870131543288294,0.4391721732969398,False,
Impact.threat_severity,0.0968384999710659,0.1151544903382093,0.8409441932021127,0.4003791990415779,-0.12886015374988996,0.3225371536920218,False,
Impact.future_projection,-0.11898144077999222,0.08837547044666266,-1.346317481294781,0.1782001504542392,-0.29219417997223496,0.054231298412250536,False,
Commitment.statements,0.19036131691849273,0.23515630554172376,0.8095097279231449,0.41822200958109623,-0.27053657268078257,0.651259206517768,False,
Commitment.power,-0.03312263297131679,0.2311628439792773,-0.14328701101413202,0.8860635136889015,-0.48619348173455196,0.4199482157919184,False,
Scarcity/Urgency.temporal_urgency,0.11792364754754629,0.12725655075078315,0.9266607247471743,0.354102715501978,-0.13149460872078228,0.36734190381587484,False,
Scarcity/Urgency.exclusivity_quantity,-0.031673192156797154,0.09246006582796558,-0.3425607787877785,0.7319289125566724,-0.21289159118781226,0.14954520687421796,False,
Engagement.identification,-0.5770946554867072,0.12485970782690879,-4.621944625136599,3.8015950269976173e-06,-0.8218151859476424,-0.3323741250257721,True,***
Engagement.self_reference,-0.6359639747060766,0.5717201589466692,-1.1123693379603223,0.26597938243890384,-1.7565148954770633,0.48458694606491015,False,
Engagement.inquiry,-0.08451649595064721,0.10502597685284668,-0.8047199224727462,0.42098132038120184,-0.2903636280233641,0.12133063612206964,False,
Engagement.past,0.07041676021885954,0.0890728522763083,0.7905524345445157,0.4292052127842956,-0.1041628222429613,0.24499634268068038,False,
Engagement.imagery,0.02313772566282299,0.08923921096116007,0.25927756883566927,0.7954210852578123,-0.15176791382982277,0.19804336515546875,False,
Engagement.characters,0.21664897640938305,0.13160514909160637,1.646204406930767,0.0997216822709206,-0.04129237599018962,0.4745903288089557,False,
Propaganda.emotional_charge,-0.2747746155951695,0.13853009246004305,-1.983501279149324,0.04731146432856992,-0.5462886075918576,-0.003260623598481449,True,*
Propaganda.logical_distortion,-0.07304016155149094,0.0760097691532654,-0.9609312377230541,0.33658674303033465,-0.2220165715650947,0.07593624846211282,False,
Propaganda.heuristic_identity_appeals,-0.11080207743275763,0.0910275605606018,-1.2172365902191888,0.22351421224822499,-0.2892128177320758,0.06760866286656053,False,
Style.fluency,0.2682820834317258,0.11166226266831737,2.4026208767471733,0.016278053789657188,0.049428070169572375,0.48713609669387925,True,*
Style.length,1.2913875249349218,0.166026299690007,7.778210604862679,7.327471962526033e-15,0.9659819570560546,1.616793092813789,True,***
Style.rhetorical_punctuation,-0.36295460918637784,0.10856470193415488,-3.3432101108379766,0.0008281516995629623,-0.5757375149696473,-0.15017170340310834,True,***
